Team,Season,ALY,ASR,SROA_rushing,SROA_passing,winning_percentage,percentage_yards_rushing,percentage_yards_passing
GB,2019,4.63,0.064,1.135262577,0.973047685,0.8125,0.3539079620160701,0.6460920379839299
CHI,2019,3.86,0.073,0.948386347,0.973047685,0.5,0.3049907578558225,0.6950092421441775
CAR,2019,4.3,0.086,0.969003442,0.995162405,0.3125,0.4470046082949309,0.5529953917050692
WAS,2019,4.28,0.098,0.969003442,0.928818245,0.1875,0.37648327939590076,0.6235167206040992
PHI,2019,4.34,0.064,0.993633259,1.039391845,0.5625,0.31718395155185464,0.6828160484481454
BUF,2019,4.32,0.078,0.976873058,0.906703525,0.625,0.4466059602649007,0.5533940397350994
NYJ,2019,3.8,0.092,0.865917969,0.884588804,0.4375,0.26855123674911663,0.7314487632508834
ATL,2019,3.98,0.066,0.845300875,1.061506565,0.4375,0.31802604523646333,0.6819739547635366
MIN,2019,4.6,0.067,0.945441048,1.083621285,0.625,0.42160148975791434,0.5783985102420857
BAL,2019,4.73,0.06,1.204284493,1.083621285,0.875,0.5312960235640648,0.4687039764359352
KC,2019,3.88,0.049,1.02103243,1.105736006,0.75,0.38572942423172024,0.6142705757682798
CLE,2019,4.46,0.072,0.927769253,0.928818245,0.375,0.40569780021637214,0.5943021997836279
TEN,2019,4.65,0.112,1.030854725,0.995162405,0.5625,0.3936411809235428,0.6063588190764573
LAC,2019,4.37,0.062,1.05147182,1.083621285,0.3125,0.36606471030850263,0.6339352896914974
LAC,2019,4.37,0.062,0.927769253,1.083621285,0.3125,0.36606471030850263,0.6339352896914974
IND,2019,4.41,0.06,1.072088914,0.928818245,0.4375,0.4482343499197432,0.5517656500802568
CIN,2019,3.9,0.073,0.948386347,0.884588804,0.125,0.4685934489402698,0.5314065510597302
SEA,2019,4.32,0.079,1.175174387,1.083621285,0.6875,0.4432878679109835,0.5567121320890165
TB,2019,4,0.076,0.879072434,1.017277125,0.4375,0.24716124148372445,0.7528387585162756
SF,2019,4.53,0.069,0.948386347,1.083621285,0.8125,0.38226164079822617,0.6177383592017738
DAL,2019,4.91,0.043,1.154557292,1.149965446,0.5,0.4134078212290503,0.5865921787709497
NYG,2019,3.96,0.071,0.907152158,0.928818245,0.25,0.3990199509975499,0.6009800490024502
DET,2019,4.21,0.072,1.072088914,0.950932965,0.21875,0.22989593188268684,0.7701040681173131
NE,2019,4.49,0.053,1.010237631,0.973047685,0.75,0.2543270929000353,0.7456729070999647
PIT,2019,3.84,0.066,0.927769253,0.862474084,0.5,0.37337942955920483,0.6266205704407952
PIT,2019,3.84,0.066,1.010237631,0.862474084,0.5,0.37337942955920483,0.6266205704407952
HOU,2019,4.13,0.084,1.072088914,1.061506565,0.625,0.3334505803728456,0.6665494196271544
NO,2019,4.92,0.047,1.148053477,1.172080166,0.8125,0.32708127673576837,0.6729187232642316
OAK,2019,4.63,0.059,1.045109973,1.105736006,0.4375,0.28961175236096537,0.7103882476390346
DEN,2019,4.45,0.081,0.962053859,0.884588804,0.4375,0.46056338028169014,0.5394366197183098
ATL,2018,4.08,0.066,0.892317893,1.105691057,0.4375,0.3664016591773246,0.6335983408226754
PHI,2018,4.14,0.067,1.037578945,1.040650407,0.5625,0.3285974499089253,0.6714025500910747
BAL,2018,4.59,0.061,1.156549152,0.932249322,0.625,0.5254629629629629,0.4745370370370371
BUF,2018,3.89,0.08,0.828333858,0.780487805,0.375,0.3801945181255526,0.6198054818744474
NYG,2018,3.9,0.074,0.850814735,0.932249322,0.3125,0.41280353200883,0.58719646799117
NO,2018,5.19,0.044,1.19496592,1.192411924,0.8125,0.28471138845553823,0.7152886115444618
TB,2018,3.78,0.066,0.913069472,1.08401084,0.3125,0.28032544378698226,0.7196745562130178
NE,2018,5.03,0.038,1.099833682,1.127371274,0.6875,0.3869472182596291,0.6130527817403709
HOU,2018,3.93,0.116,0.887129998,0.975609756,0.6875,0.3859463276836158,0.6140536723163842
MIN,2018,4.09,0.061,0.904023912,1.062330623,0.53125,0.4277251184834123,0.5722748815165877
SF,2018,4.56,0.08,0.910947151,0.997289973,0.25,0.366693354683747,0.633306645316253
TEN,2018,4.33,0.102,0.910545631,0.975609756,0.5625,0.37752478883584284,0.6224752111641572
MIA,2018,4.47,0.105,0.992466817,0.932249322,0.4375,0.3937038476486592,0.6062961523513408
CIN,2018,4.1,0.07,1.016827366,0.975609756,0.375,0.37438625204582654,0.6256137479541735
IND,2018,4.83,0.041,1.120585261,1.127371274,0.625,0.3182125930941097,0.6817874069058902
PIT,2018,4.44,0.044,1.016827366,1.08401084,0.59375,0.30006501950585174,0.6999349804941483
CLE,2018,4.24,0.067,1.037578945,0.932249322,0.46875,0.3991031390134529,0.600896860986547
LAC,2018,4.8,0.064,1.092005684,1.062330623,0.75,0.2967974740640505,0.7032025259359496
KC,2018,4.37,0.054,1.141336839,1.149051491,0.75,0.2721991701244813,0.7278008298755188
DEN,2018,4.75,0.063,0.991693466,0.975609756,0.375,0.42683823529411763,0.5731617647058824
SEA,2018,4.5,0.104,1.064804554,0.932249322,0.625,0.498668695321415,0.501331304678585
DAL,2018,4.61,0.097,1.037578945,0.975609756,0.625,0.3652892561983471,0.6347107438016528
CAR,2018,4.55,0.061,1.141336839,1.040650407,0.4375,0.4280028943560058,0.5719971056439942
WAS,2018,3.96,0.085,0.975324208,0.910569106,0.4375,0.43180105501130367,0.5681989449886964
ARI,2018,4,0.092,0.788559998,0.780487805,0.1875,0.49528301886792453,0.5047169811320755
GB,2018,4.71,0.079,1.042480893,0.975609756,0.40625,0.34365079365079365,0.6563492063492063
CHI,2018,3.92,0.06,1.037578945,1.01897019,0.75,0.3615451388888889,0.6384548611111112
NYJ,2018,3.59,0.067,0.74705684000000006,0.910569106,0.25,0.39090909090909093,0.6090909090909091
DET,2018,4.14,0.063,0.91184879,0.975609756,0.375,0.4043351396415173,0.5956648603584827
OAK,2018,4.49,0.087,1.099833682,1.040650407,0.25,0.3741234221598878,0.6258765778401122
NE,2017,5.05,0.064,1.250536281,1.093455112,0.8125,0.36558078315235276,0.6344192168476472
KC,2017,4.14,0.067,1.080421655,1.083740227,0.625,0.3821257815373299,0.6178742184626701
BUF,2017,3.67,0.093,1.022337546,0.961553829,0.5625,0.45454545454545453,0.5454545454545454
NYJ,2017,3.4,0.086,0.926898428,0.977173612,0.3125,0.4200143472022956,0.5799856527977044
WAS,2017,3.86,0.077,0.91423502,1.03325488,0.4375,0.2659613279824881,0.7340386720175118
PHI,2017,3.85,0.062,1.09533918,1.01659684,0.8125,0.416,0.5840000000000001
OAK,2017,4.17,0.046,1.011177526,0.980784906,0.375,0.3012465373961219,0.698753462603878
TEN,2017,3.85,0.064,1.017193184,0.990691824,0.5625,0.3779092702169625,0.6220907297830375
HOU,2017,3.89,0.092,1.031318824,0.998602291,0.25,0.3334756618274979,0.6665243381725021
ARI,2017,4.02,0.081,0.907291463,0.929394838,0.5,0.3330457290767903,0.6669542709232097
DET,2017,3.16,0.075,0.826694761,1.036786513,0.5625,0.25895212966453074,0.7410478703354693
CLE,2017,4.09,0.076,1.152395183,0.798777701,0,0.28188833408987746,0.7181116659101225
PIT,2017,4.36,0.039,1.010223426,1.123007952,0.8125,0.3282991729593671,0.6717008270406328
ATL,2017,4.35,0.048,1.069911192,1.124914587,0.625,0.367498051441933,0.632501948558067
CHI,2017,3.65,0.077,1.008301498,0.892040655,0.3125,0.3929656969170647,0.6070343030829353
CIN,2017,3.79,0.072,0.943250396,0.959160964,0.4375,0.3835139318885449,0.6164860681114551
BAL,2017,4.36,0.043,1.124942942,0.916477454,0.5625,0.4627862595419847,0.5372137404580153
IND,2017,3.98,0.1,0.972624483,0.948204422,0.25,0.3791712504583792,0.6208287495416208
CAR,2017,3.78,0.071,1.064187621,0.96334873,0.6875,0.4700149925037481,0.5299850074962519
SF,2017,4.2,0.068,1.067933599,0.963881022,0.375,0.35920640445527324,0.6407935955447268
SEA,2017,3.18,0.081,0.99301979,1.027488949,0.5625,0.3273415326395459,0.6726584673604541
GB,2017,4.6,0.086,1.265755754,0.981557786,0.4375,0.32797175362887404,0.672028246371126
DAL,2017,4.66,0.064,1.234950083,0.983873297,0.5625,0.4184481393507522,0.5815518606492478
NYG,2017,4.06,0.058,0.916387209,0.986144386,0.1875,0.39697859840537136,0.6030214015946287
NO,2017,4.93,0.04,1.091486052,1.120315053,0.6875,0.34689075630252103,0.653109243697479
MIN,2017,3.96,0.044,1.019179756,1.077424089,0.8125,0.35554755043227665,0.6444524495677233
DEN,2017,4.31,0.091,0.980701949,0.916692505,0.3125,0.3834972210346302,0.6165027789653699
TB,2017,4.06,0.065,0.945516647,1.11669085,0.3125,0.34,0.6599999999999999
MIA,2017,3.26,0.058,0.964544585,0.952183205,0.375,0.30133657351154314,0.6986634264884568
DEN,2016,4.09,0.074,0.955365267,0.981340698,0.5625,0.3902834008097166,0.6097165991902834
CAR,2016,3.83,0.062,0.98449571,0.956542915,0.375,0.3501727115716753,0.6498272884283247
ATL,2016,4.4,0.065,1.098108472,1.183458449,0.6875,0.2955725190839695,0.7044274809160305
TB,2016,4.01,0.059,0.961577823,1.062151056,0.5625,0.32241630276564776,0.6775836972343523
TEN,2016,4.63,0.057,1.193777013,0.980731935,0.5625,0.38772455089820357,0.6122754491017964
MIN,2016,3.64,0.06,0.795541552,1.022861994,0.5,0.3283705541770058,0.6716294458229942
PHI,2016,4.28,0.054,1.154909854,0.951354178,0.4375,0.349478390461997,0.650521609538003
CLE,2016,3.73,0.106,0.998664014,0.939108486,0.0625,0.3972500929022668,0.6027499070977331
CIN,2016,4.2,0.073,1.073970036,1.068267849,0.40625,0.3544201135442011,0.6455798864557989
NYJ,2016,4.29,0.063,1.010849577,0.895296122,0.3125,0.308964986533282,0.691035013466718
NO,2016,4.93,0.045,1.112177065,1.137318916,0.4375,0.3298364702252391,0.6701635297747609
OAK,2016,4.39,0.034,1.062592726,0.941134014,0.75,0.3360232408005165,0.6639767591994835
KC,2016,4.1,0.057,0.974511847,0.999611274,0.75,0.3152854511970534,0.6847145488029466
LAC,2016,3.97,0.066,0.935132596,1.035114708,0.3125,0.3413715146948003,0.6586284853051997
BAL,2016,4.07,0.053,0.98108159,0.917811474,0.5,0.2980808493262556,0.7019191506737443
BUF,2016,4.16,0.093,1.260662143,0.961390842,0.4375,0.49495586380832285,0.5050441361916771
HOU,2016,4.16,0.056,0.983291233,0.951871218,0.5625,0.329635499207607,0.6703645007923931
CHI,2016,4.48,0.049,1.00146643,1.045829859,0.1875,0.38578487267198786,0.6142151273280121
JAX,2016,3.73,0.053,0.994153171,0.907302673,0.1875,0.3935082258781681,0.6064917741218319
GB,2016,4.08,0.055,1.044197611,1.036048717,0.625,0.31636916065324727,0.6836308393467527
SEA,2016,3.77,0.069,0.958899513,1.084763345,0.65625,0.2894736842105263,0.7105263157894737
MIA,2016,3.97,0.063,1.007076582,0.992261191,0.625,0.40229459659511474,0.5977054034048852
DAL,2016,4.63,0.056,1.231004986,1.088626244,0.8125,0.42977433479285954,0.5702256652071405
NYG,2016,3.89,0.039,0.899944978,0.921678308,0.6875,0.2576402321083172,0.7423597678916828
IND,2016,4.69,0.076,1.09564043,1.056756287,0.5,0.3213102686786897,0.6786897313213103
DET,2016,3.49,0.061,0.976226531,1.01242248,0.5625,0.31463009143807147,0.6853699085619285
ARI,2016,4.54,0.063,1.102619031,1.017197027,0.46875,0.27044917257683215,0.7295508274231679
NE,2016,4.46,0.046,0.978300446,1.049591837,0.875,0.305337812616648,0.6946621873833521
WAS,2016,4.57,0.039,1.06031126,1.087695831,0.53125,0.3673536146548904,0.6326463853451096
PIT,2016,4.68,0.041,1.080372525,0.991960339,0.6875,0.3015253636041149,0.6984746363958851
SF,2016,3.46,0.084,1.096272047,0.906368511,0.125,0.46597731821214144,0.5340226817878586
BAL,2017,4.07,0.053,1.124942942,0.916477454,0.5625,0.4627862595419847,0.5372137404580153
CIN,2017,4.2,0.073,0.943250396,0.959160964,0.4375,0.3835139318885449,0.6164860681114551
TEN,2017,4.63,0.057,1.017193184,0.990691824,0.5625,0.3779092702169625,0.6220907297830375
HOU,2017,4.16,0.056,1.031318824,0.998602291,0.25,0.3334756618274979,0.6665243381725021
TB,2017,4.01,0.059,0.945516647,1.11669085,0.3125,0.34,0.6599999999999999
CAR,2017,3.83,0.062,1.064187621,0.96334873,0.6875,0.4700149925037481,0.5299850074962519
CLE,2017,3.73,0.106,1.152395183,0.798777701,0,0.28188833408987746,0.7181116659101225
PIT,2017,4.68,0.041,1.010223426,1.123007952,0.8125,0.3282991729593671,0.6717008270406328
DAL,2017,4.63,0.056,1.234950083,0.983873297,0.5625,0.4184481393507522,0.5815518606492478
PHI,2017,4.28,0.054,1.09533918,1.01659684,0.8125,0.416,0.5840000000000001
BUF,2017,4.16,0.093,1.022337546,0.961553829,0.5625,0.45454545454545453,0.5454545454545454
NYJ,2017,4.29,0.063,0.926898428,0.977173612,0.3125,0.4200143472022956,0.5799856527977044
MIN,2017,3.64,0.06,1.019179756,1.077424089,0.8125,0.35554755043227665,0.6444524495677233
CHI,2017,4.48,0.049,1.008301498,0.892040655,0.3125,0.3929656969170647,0.6070343030829353
IND,2017,4.69,0.076,0.972624483,0.948204422,0.25,0.3791712504583792,0.6208287495416208
NE,2017,4.46,0.046,1.250536281,1.093455112,0.8125,0.36558078315235276,0.6344192168476472
MIA,2017,3.97,0.063,0.964544585,0.952183205,0.375,0.30133657351154314,0.6986634264884568
KC,2017,4.1,0.057,1.080421655,1.083740227,0.625,0.3821257815373299,0.6178742184626701
ARI,2017,4.54,0.063,0.907291463,0.929394838,0.5,0.3330457290767903,0.6669542709232097
DEN,2017,4.09,0.074,0.980701949,0.916692505,0.3125,0.3834972210346302,0.6165027789653699
OAK,2017,4.39,0.034,1.011177526,0.980784906,0.375,0.3012465373961219,0.698753462603878
WAS,2017,4.57,0.039,0.91423502,1.03325488,0.4375,0.2659613279824881,0.7340386720175118
NYG,2017,3.89,0.039,0.916387209,0.986144386,0.1875,0.39697859840537136,0.6030214015946287
SF,2017,3.46,0.084,1.067933599,0.963881022,0.375,0.35920640445527324,0.6407935955447268
SEA,2017,3.77,0.069,0.99301979,1.027488949,0.5625,0.3273415326395459,0.6726584673604541
NO,2017,4.93,0.045,1.091486052,1.120315053,0.6875,0.34689075630252103,0.653109243697479
ATL,2017,4.4,0.065,1.069911192,1.124914587,0.625,0.367498051441933,0.632501948558067
DET,2017,3.49,0.061,0.826694761,1.036786513,0.5625,0.25895212966453074,0.7410478703354693
GB,2017,4.08,0.055,1.265755754,0.981557786,0.4375,0.32797175362887404,0.672028246371126
PIT,2015,4.08,0.054,1.003639001,1.037665058,0.625,0.2876500193573364,0.7123499806426636
NE,2015,4.19,0.065,1.032278175,1.014928947,0.75,0.27462437395659434,0.7253756260434057
CHI,2015,4.09,0.056,1.089449126,0.986605348,0.375,0.3409090909090909,0.6590909090909092
GB,2015,3.56,0.074,1.048061601,0.930667585,0.625,0.3826530612244898,0.6173469387755102
KC,2015,4.15,0.087,1.035280362,1.008220652,0.6875,0.4066410009624639,0.5933589990375361
HOU,2015,3.72,0.063,0.883175153,0.971829001,0.5625,0.37423076923076926,0.6257692307692307
NYJ,2015,3.55,0.041,0.936211102,0.959070005,0.625,0.4234808702175544,0.5765191297824457
CLE,2015,3.32,0.081,0.982993475,0.93271514,0.1875,0.3365091463414634,0.6634908536585367
IND,2015,3.47,0.061,0.960830492,0.949490954,0.5,0.3351934523809524,0.6648065476190477
BUF,2015,3.59,0.084,1.083481674,0.991434252,0.5,0.39121482498284144,0.6087851750171586
WAS,2015,3.64,0.054,0.903243403,1.081660349,0.5625,0.2948661693725318,0.70513383062746815
MIA,2015,3.45,0.076,0.982255491,0.956744412,0.375,0.4200210010500525,0.5799789989499475
JAX,2015,3.77,0.079,1.000039604,0.968843223,0.3125,0.3082160689968225,0.6917839310031775
CAR,2015,3.89,0.069,1.109971512,1.044392233,0.9375,0.38824470211915235,0.6117552978808476
SEA,2015,4.18,0.09,1.185825288,1.134739971,0.625,0.39733707077785563,0.6026629292221444
LAR,2015,3.56,0.035,0.950658163,0.82688911,0.4375,0.4160839160839161,0.583916083916084
ARI,2015,4.18,0.05,1.031327869,1.134887147,0.8125,0.35456475583864117,0.6454352441613589
NO,2015,3.88,0.051,1.017268905,1.066571864,0.4375,0.28627808136004856,0.7137219186399515
DET,2015,3.61,0.069,1.003831787,1.082126381,0.4375,0.3213395083719273,0.6786604916280727
LAC,2015,3.18,0.054,0.891715509,1.060232613,0.25,0.3267361111111111,0.6732638888888889
TEN,2015,3.65,0.096,0.86915908,1.02840418,0.1875,0.39761283103319656,0.6023871689668034
TB,2015,4,0.058,1.113095552,0.986079439,0.375,0.4048723897911833,0.5951276102088168
OAK,2015,3.69,0.046,0.903587316,0.963192017,0.4375,0.3476411446249033,0.6523588553750967
CIN,2015,4.21,0.059,0.998760516,1.119749718,0.75,0.3584973166368515,0.6415026833631485
BAL,2015,3.87,0.038,1.02708553,0.962975335,0.3125,0.25932568149210905,0.740674318507891
DEN,2015,3.73,0.058,0.878718112,0.957484765,0.75,0.3776387802971071,0.6223612197028929
DAL,2015,4.11,0.066,1.050127741,0.999127749,0.25,0.3443565780014378,0.6556434219985622
NYG,2015,3.96,0.051,1.03077788,0.973936259,0.375,0.2628272251308901,0.7371727748691099
PHI,2015,3.25,0.066,1.048829065,0.992496882,0.4375,0.3864516129032258,0.6135483870967742
ATL,2015,3.82,0.054,0.952123606,1.085921961,0.5,0.33408662900188324,0.6659133709981168
SF,2015,3.16,0.091,0.970025223,0.868885392,0.3125,0.3486745213549337,0.6513254786450663
MIN,2015,3.96,0.088,1.026172689,0.922032059,0.6875,0.4626579854461892,0.5373420145538108
NYJ,2016,3.55,0.041,1.010849577,0.895296122,0.3125,0.308964986533282,0.691035013466718
BUF,2016,3.59,0.084,1.260662143,0.961390842,0.4375,0.49495586380832285,0.5050441361916771
MIA,2016,3.45,0.076,1.007076582,0.992261191,0.625,0.40229459659511474,0.5977054034048852
NE,2016,4.19,0.065,0.978300446,1.049591837,0.875,0.305337812616648,0.6946621873833521
NO,2016,3.88,0.051,1.112177065,1.137318916,0.4375,0.3298364702252391,0.6701635297747609
ATL,2016,3.82,0.054,1.098108472,1.183458449,0.6875,0.2955725190839695,0.7044274809160305
DET,2016,3.61,0.069,0.976226531,1.01242248,0.5625,0.31463009143807147,0.6853699085619285
CHI,2016,4.09,0.056,1.00146643,1.045829859,0.1875,0.38578487267198786,0.6142151273280121
PHI,2016,3.25,0.066,1.154909854,0.951354178,0.4375,0.349478390461997,0.650521609538003
NYG,2016,3.96,0.051,0.899944978,0.921678308,0.6875,0.2576402321083172,0.7423597678916828
DAL,2016,4.11,0.066,1.231004986,1.088626244,0.8125,0.42977433479285954,0.5702256652071405
WAS,2016,3.64,0.054,1.06031126,1.087695831,0.53125,0.3673536146548904,0.6326463853451096
IND,2016,3.47,0.061,1.09564043,1.056756287,0.5,0.3213102686786897,0.6786897313213103
TEN,2016,3.65,0.096,1.193777013,0.980731935,0.5625,0.38772455089820357,0.6122754491017964
CIN,2016,4.21,0.059,1.073970036,1.068267849,0.40625,0.3544201135442011,0.6455798864557989
BAL,2016,3.87,0.038,0.98108159,0.917811474,0.5,0.2980808493262556,0.7019191506737443
PIT,2016,4.08,0.054,1.080372525,0.991960339,0.6875,0.3015253636041149,0.6984746363958851
CLE,2016,3.32,0.081,0.998664014,0.939108486,0.0625,0.3972500929022668,0.6027499070977331
JAX,2016,3.77,0.079,0.994153171,0.907302673,0.1875,0.3935082258781681,0.6064917741218319
HOU,2016,3.72,0.063,0.983291233,0.951871218,0.5625,0.329635499207607,0.6703645007923931
KC,2016,4.15,0.087,0.974511847,0.999611274,0.75,0.3152854511970534,0.6847145488029466
OAK,2016,3.69,0.046,1.062592726,0.941134014,0.75,0.3360232408005165,0.6639767591994835
DEN,2016,3.73,0.058,0.955365267,0.981340698,0.5625,0.3902834008097166,0.6097165991902834
LAC,2016,3.18,0.054,0.935132596,1.035114708,0.3125,0.3413715146948003,0.6586284853051997
CAR,2016,3.89,0.069,0.98449571,0.956542915,0.375,0.3501727115716753,0.6498272884283247
TB,2016,4,0.058,0.961577823,1.062151056,0.5625,0.32241630276564776,0.6775836972343523
ARI,2016,4.18,0.05,1.102619031,1.017197027,0.46875,0.27044917257683215,0.7295508274231679
SEA,2016,4.18,0.09,0.958899513,1.084763345,0.65625,0.2894736842105263,0.7105263157894737
SF,2016,3.16,0.091,1.096272047,0.906368511,0.125,0.46597731821214144,0.5340226817878586
MIN,2016,3.96,0.088,0.795541552,1.022861994,0.5,0.3283705541770058,0.6716294458229942
GB,2016,3.56,0.074,1.044197611,1.036048717,0.625,0.31636916065324727,0.6836308393467527
GB,2014,4.08,0.055,1.081834959,1.104101973,0.75,0.3471971066907776,0.6528028933092225
SEA,2014,4.23,0.087,1.271286734,0.941851727,0.75,0.4992526158445441,0.5007473841554559
NO,2014,4.38,0.053,1.133480347,1.120840587,0.4375,0.3933291378225299,0.6066708621774701
ATL,2014,3.96,0.051,0.943334459,1.083391021,0.375,0.30617559523809523,0.6938244047619048
MIN,2014,3.97,0.091,1.077957415,0.977536597,0.4375,0.4147613317288408,0.5852386682711592
LAR,2014,3.9,0.086,0.959503113,1.042978377,0.375,0.37823834196891193,0.6217616580310881
PIT,2014,4.1,0.058,1.029587531,1.125957855,0.6875,0.22691481746599856,0.7730851825340015
CLE,2014,3.63,0.06,0.908574982,0.880102856,0.4375,0.3965851765618937,0.6034148234381063
JAX,2014,3.52,0.113,0.97504318,0.86358945,0.1875,0.45835010060362175,0.5416498993963783
PHI,2014,3.52,0.049,1.045791291,1.005792558,0.625,0.33562822719449226,0.6643717728055077
NYJ,2014,3.84,0.088,1.062956019,0.880478256,0.25,0.3725065047701648,0.6274934952298352
OAK,2014,3.56,0.044,0.861340847,0.855410994,0.1875,0.36183103332211375,0.6381689666778863
CIN,2014,4.03,0.046,1.031163238,0.992961237,0.65625,0.42044178210408084,0.5795582178959191
BAL,2014,4.25,0.045,0.983594935,1.034054498,0.625,0.313312258517738,0.6866877414822621
BUF,2014,3.62,0.069,1.001647929,0.941859768,0.5625,0.3302063789868668,0.6697936210131332
CHI,2014,3.94,0.063,1.164372617,0.986197224,0.3125,0.34148974451241454,0.6585102554875855
HOU,2014,3.72,0.049,0.952668505,0.983281421,0.5625,0.31093589304079533,0.6890641069592047
WAS,2014,3.87,0.098,1.019658792,1.006908989,0.25,0.3668960521550163,0.6331039478449837
KC,2014,4.08,0.094,1.066345272,1.034054498,0.5625,0.45399469897766,0.54600530102234
TEN,2014,3.91,0.089,0.98474274,0.937557764,0.125,0.41700109449106165,0.5829989055089384
NE,2014,4.22,0.044,1.140410503,1.013687042,0.75,0.2837418018639972,0.7162581981360028
MIA,2014,4.06,0.069,1.225568337,1.067388216,0.5,0.3712438189425637,0.6287561810574362
CAR,2014,3.6,0.079,1.12700794,1.033843294,0.46875,0.3885647607934656,0.6114352392065344
TB,2014,3.21,0.094,0.867760808,0.923301876,0.125,0.33625954198473285,0.6637404580152672
DAL,2014,4.4,0.061,1.113889329,1.150558615,0.75,0.3857036485480268,0.6142963514519733
SF,2014,4.05,0.098,1.062591794,0.95824267,0.5,0.40686078978859197,0.593139210211408
IND,2014,3.94,0.048,1.133480347,1.019844263,0.6875,0.33747412008281574,0.6625258799171843
DEN,2014,3.98,0.037,1.079246838,1.079144632,0.75,0.3358297201418999,0.6641702798581002
DET,2014,3.79,0.069,1.001911036,0.990429927,0.6875,0.23339517625231912,0.7666048237476809
NYG,2014,3.76,0.05,0.879719413,1.0080167,0.375,0.377449168207024,0.622550831792976
ARI,2014,3.68,0.048,0.920989224,0.88321289,0.6875,0.27680798004987534,0.7231920199501247
LAC,2014,3.29,0.061,0.892539526,1.073422225,0.5625,0.3147281238746849,0.6852718761253151
BAL,2013,3.01,0.073,0.818860393,0.872624617,0.5,0.3329694323144105,0.6670305676855894
DEN,2013,4.07,0.036,1.125806489,1.157798595,0.8125,0.28748940977125104,0.712510590228749
NE,2013,4.63,0.061,1.13625054,1.036719434,0.75,0.3826512766701644,0.6173487233298356
BUF,2013,3.85,0.085,0.979812867,0.918226579,0.375,0.4055346771438333,0.5944653228561667
TEN,2013,3.82,0.067,1.080973487,0.982311504,0.4375,0.3916632274040446,0.6083367725959554
PIT,2013,3.79,0.073,0.944911881,1.072975502,0.4375,0.3877644894204232,0.6122355105795768
ATL,2013,3.74,0.059,0.981373078,1.035151456,0.25,0.2785009861932939,0.7214990138067061
NO,2013,4.08,0.053,1.092250409,1.105412954,0.6875,0.2498476538695917,0.7501523461304083
TB,2013,3.63,0.077,0.882703582,0.902157614,0.25,0.4322476879774829,0.5677523120225171
NYJ,2013,3.79,0.084,0.973078758,0.919666434,0.5,0.3887897179578722,0.6112102820421278
JAX,2013,3.13,0.079,0.831356372,0.895836189,0.1875,0.41939443535188214,0.5806055646481179
KC,2013,4.33,0.077,1.054146154,0.992428757,0.6875,0.33148558758314856,0.6685144124168514
CAR,2013,3.91,0.082,1.064086564,1.005525398,0.75,0.3400562851782364,0.6599437148217636
SEA,2013,4.05,0.096,1.040344415,1.074315381,0.8125,0.4046783625730994,0.5953216374269006
CHI,2013,3.8,0.055,1.031338225,1.08946732,0.5,0.33357771260997066,0.6664222873900294
CIN,2013,4.03,0.052,1.04634337,0.994542106,0.6875,0.32778229082047117,0.6722177091795288
CLE,2013,3.83,0.075,1.044086305,0.883682055,0.25,0.28869202709744657,0.7113079729025534
MIA,2013,3.62,0.086,0.969975388,1.005033729,0.5,0.3953174245835209,0.6046825754164791
DET,2013,3.94,0.045,1.053903654,1.018629651,0.4375,0.29201101928374656,0.7079889807162534
MIN,2013,4.04,0.078,1.07031767,0.930439758,0.34375,0.37025008119519326,0.6297499188048068
OAK,2013,3.71,0.085,0.962220598,0.953184043,0.25,0.3616649178034278,0.6383350821965722
IND,2013,3.89,0.056,1.103336284,0.998665921,0.6875,0.3660104459622338,0.6339895540377662
GB,2013,4.11,0.083,1.110454582,1.056116016,0.53125,0.3581979320531758,0.6418020679468242
SF,2013,3.57,0.078,1.010536378,1.025634378,0.75,0.41569219162580157,0.5843078083741984
LAR,2013,3.95,0.068,0.925378818,0.980823443,0.4375,0.46306231943871234,0.5369376805612877
ARI,2013,3.84,0.068,0.916193917,1.04323576,0.625,0.353720296065446,0.646279703934554
NYG,2013,3.27,0.076,0.989882436,0.93533514,0.4375,0.33894132129667626,0.6610586787033237
DAL,2013,4.23,0.062,1.200721596,1.054676576,0.5,0.3311811621724269,0.6688188378275731
PHI,2013,3.71,0.094,1.289746728,1.019298991,0.625,0.35876993166287013,0.6412300683371299
WAS,2013,3.75,0.076,1.194169562,0.952739291,0.1875,0.36590038314176243,0.6340996168582376
HOU,2013,4.1,0.066,1.059491691,0.906294492,0.125,0.36247256766642283,0.6375274323335771
LAC,2013,4.26,0.059,1.015947809,1.181050919,0.5625,0.3643724696356275,0.6356275303643725
NYG,2012,4.47,0.044,1.064179469,1.008434674,0.5625,0.3715720355349556,0.6284279644650443
DAL,2012,3.92,0.058,1.008170023,1.132982669,0.5,0.2625602202339986,0.7374397797660014
CHI,2012,4.05,0.08,0.970806737,0.908523025,0.625,0.41864479930945186,0.5813552006905481
IND,2012,3.76,0.068,1.121819521,0.971246619,0.6875,0.3534222987516143,0.6465777012483858
ATL,2012,3.87,0.051,0.91215383,1.141406624,0.8125,0.29345794392523367,0.7065420560747664
KC,2012,4.04,0.082,1.055887161,0.85991853,0.125,0.37341772151898733,0.6265822784810127
PHI,2012,3.56,0.081,1.172769211,0.928908918,0.25,0.3704861111111111,0.6295138888888889
CLE,2012,4.03,0.06,0.986805806,0.914870008,0.3125,0.3990498812351544,0.6009501187648456
NO,2012,4.04,0.049,1.070124606,1.098611643,0.4375,0.39496084439904666,0.6050391556009533
WAS,2012,4.24,0.078,1.168133759,1.070786042,0.625,0.43653250773993807,0.563467492260062
DET,2012,4.05,0.037,1.011147269,1.020230859,0.25,0.329616724738676,0.670383275261324
LAR,2012,4.08,0.062,1.033927516,1.011841548,0.46875,0.38476374156219867,0.6152362584378013
TEN,2012,3.35,0.071,0.902292708,0.875199662,0.375,0.36614918591442636,0.6338508140855736
NE,2012,4.45,0.045,1.168921543,1.144887016,0.75,0.4107282693813626,0.5892717306186375
MIN,2012,4.17,0.065,1.084148938,0.912890924,0.625,0.47344461305007585,0.5265553869499242
JAX,2012,4.05,0.078,0.953149508,0.882084564,0.125,0.4114713216957606,0.5885286783042394
NYJ,2012,4.38,0.086,1.033153828,0.933878147,0.375,0.46566901408450706,0.534330985915493
BUF,2012,4.25,0.055,1.103411892,0.961595992,0.375,0.46335403726708074,0.5366459627329192
MIA,2012,3.93,0.068,1.081553828,0.958069215,0.4375,0.41467505241090147,0.5853249475890985
HOU,2012,4.17,0.053,1.045639757,1.052064491,0.75,0.338368580060423,0.661631419939577
SEA,2012,4.42,0.072,1.166016221,1.068822773,0.6875,0.48558352402745997,0.51441647597254
ARI,2012,2.93,0.081,0.823290707,0.869089603,0.3125,0.4,0.6
SF,2012,4.5,0.085,1.190015817,1.095223227,0.71875,0.43933265925176945,0.5606673407482305
GB,2012,3.86,0.086,0.973994768,1.152689367,0.6875,0.39158437097466725,0.6084156290253327
CAR,2012,3.49,0.076,1.144228367,1.011276063,0.4375,0.3748657357679914,0.6251342642320086
TB,2012,4.09,0.048,1.008523891,0.91378296,0.4375,0.2811454072145779,0.7188545927854221
DEN,2012,4.13,0.042,1.038175083,1.15236639,0.8125,0.3400352733686067,0.6599647266313933
PIT,2012,3.72,0.063,0.8669977,1.020591496,0.5,0.30963740458015265,0.6903625954198473
BAL,2012,4.33,0.061,1.072744294,0.946248617,0.625,0.336,0.6639999999999999
CIN,2012,4.15,0.083,0.974447263,0.996368135,0.625,0.29794105773112634,0.7020589422688737
OAK,2012,3.52,0.044,0.895035662,0.961967193,0.25,0.3950442477876106,0.6049557522123894
LAC,2012,3.91,0.089,0.898333318,1.02314301,0.4375,0.32655367231638416,0.6734463276836158
GB,2011,4.06,0.074,0.973841933,1.217382752,0.9375,0.2487272727272727,0.7512727272727273
NO,2011,4.95,0.044,1.155848409,1.230847592,0.8125,0.3280999679589875,0.6719000320410125
BAL,2011,4.25,0.059,1.053295193,0.945512347,0.75,0.38307517944843217,0.6169248205515678
PIT,2011,4.43,0.072,1.104538671,1.092651723,0.75,0.37025641025641026,0.6297435897435897
PHI,2011,3.89,0.059,1.251020331,1.056937239,0.5,0.33701483117702746,0.6629851688229725
LAR,2011,3.75,0.091,0.991171082,0.873930779,0.125,0.4977827050997783,0.5022172949002217
DET,2011,3.7,0.059,0.948364146,1.096671979,0.625,0.34779083907580055,0.6522091609241994
TB,2011,3.96,0.062,1.077602005,0.971348769,0.25,0.39514788966434033,0.6048521103356597
ATL,2011,3.84,0.051,1.00115558,1.034703084,0.625,0.32694938440492477,0.6730506155950753
CHI,2011,3.92,0.098,0.94676201,0.92791878,0.5,0.3597560975609756,0.6402439024390244
KC,2011,3.81,0.071,0.958683771,0.945894495,0.4375,0.35775280898876405,0.642247191011236
BUF,2011,4.19,0.038,1.076414782,0.980371066,0.375,0.4659876318661331,0.5340123681338669
TEN,2011,3.39,0.042,0.898295231,0.925243121,0.5625,0.28299595141700407,0.7170040485829959
JAX,2011,4.14,0.089,1.030145848,0.763351988,0.3125,0.4789254284390922,0.5210745715609078
HOU,2011,4.36,0.073,1.036908578,1.089616847,0.625,0.49114331723027377,0.5088566827697263
IND,2011,3.91,0.069,0.940295524,0.91916483,0.125,0.4399671052631579,0.560032894736842
CLE,2011,3.94,0.064,1.020285941,0.905631335,0.25,0.4904214559386973,0.5095785440613028
CIN,2011,3.99,0.045,1.066164571,0.902480509,0.5625,0.3998419596997234,0.6001580403002766
MIN,2011,4.05,0.098,1.13797581,0.874548288,0.1875,0.3401053423626787,0.6598946576373212
LAC,2011,4.23,0.056,1.019795419,1.123493873,0.5,0.38033458518265617,0.6196654148173438
SEA,2011,4.01,0.081,0.882779223,0.963233275,0.4375,0.3871975019516003,0.6128024980483997
SF,2011,3.96,0.084,0.979347233,0.981978945,0.8125,0.33231039017974573,0.6676896098202543
CAR,2011,4.32,0.072,1.140992539,1.032414139,0.375,0.3873994638069705,0.6126005361930296
ARI,2011,4.07,0.091,1.083010644,0.962722752,0.5,0.2525027808676307,0.7474972191323692
WAS,2011,4.21,0.064,0.988353328,0.978161422,0.3125,0.3566678333916696,0.6433321666083305
NYG,2011,3.81,0.051,0.969400795,1.065973704,0.5625,0.30127041742286753,0.6987295825771325
DAL,2011,4.22,0.061,1.080986497,1.105443148,0.5,0.3562596599690881,0.6437403400309119
NYJ,2011,4.23,0.067,0.993217131,0.948994898,0.5,0.36550566512798993,0.63449433487201
MIA,2011,4.05,0.096,0.910220084,0.958191308,0.375,0.3658933658933659,0.6341066341066341
NE,2011,4.53,0.054,1.184294523,1.213900306,0.8125,0.30689296847939035,0.6931070315206096
DEN,2011,4.19,0.092,1.105967413,0.867071647,0.5,0.4478323010957599,0.5521676989042401
OAK,2011,4.13,0.05,0.992865757,1.044213063,0.5,0.451215088864708,0.548784911135292
NYJ,2012,4.23,0.067,1.033153828,0.933878147,0.375,0.46566901408450706,0.534330985915493
MIA,2012,4.05,0.096,1.081553828,0.958069215,0.4375,0.41467505241090147,0.5853249475890985
BUF,2012,4.19,0.038,1.103411892,0.961595992,0.375,0.46335403726708074,0.5366459627329192
NE,2012,4.53,0.054,1.168921543,1.144887016,0.75,0.4107282693813626,0.5892717306186375
SF,2012,3.96,0.084,1.190015817,1.095223227,0.71875,0.43933265925176945,0.5606673407482305
LAR,2012,3.75,0.091,1.033927516,1.011841548,0.46875,0.38476374156219867,0.6152362584378013
NO,2012,4.95,0.044,1.070124606,1.098611643,0.4375,0.39496084439904666,0.6050391556009533
CAR,2012,4.32,0.072,1.144228367,1.011276063,0.4375,0.3748657357679914,0.6251342642320086
MIN,2012,4.05,0.098,1.084148938,0.912890924,0.625,0.47344461305007585,0.5265553869499242
CHI,2012,3.92,0.098,0.970806737,0.908523025,0.625,0.41864479930945186,0.5813552006905481
GB,2012,4.06,0.074,0.973994768,1.152689367,0.6875,0.39158437097466725,0.6084156290253327
DET,2012,3.7,0.059,1.011147269,1.020230859,0.25,0.329616724738676,0.670383275261324
PHI,2012,3.89,0.059,1.172769211,0.928908918,0.25,0.3704861111111111,0.6295138888888889
WAS,2012,4.21,0.064,1.168133759,1.070786042,0.625,0.43653250773993807,0.563467492260062
JAX,2012,4.14,0.089,0.953149508,0.882084564,0.125,0.4114713216957606,0.5885286783042394
IND,2012,3.91,0.069,1.121819521,0.971246619,0.6875,0.3534222987516143,0.6465777012483858
TEN,2012,3.39,0.042,0.902292708,0.875199662,0.375,0.36614918591442636,0.6338508140855736
HOU,2012,4.36,0.073,1.045639757,1.052064491,0.75,0.338368580060423,0.661631419939577
ATL,2012,3.84,0.051,0.91215383,1.141406624,0.8125,0.29345794392523367,0.7065420560747664
TB,2012,3.96,0.062,1.008523891,0.91378296,0.4375,0.2811454072145779,0.7188545927854221
LAC,2012,4.23,0.056,0.898333318,1.02314301,0.4375,0.32655367231638416,0.6734463276836158
OAK,2012,4.13,0.05,0.895035662,0.961967193,0.25,0.3950442477876106,0.6049557522123894
KC,2012,3.81,0.071,1.055887161,0.85991853,0.125,0.37341772151898733,0.6265822784810127
DEN,2012,4.19,0.092,1.038175083,1.15236639,0.8125,0.3400352733686067,0.6599647266313933
CLE,2012,3.94,0.064,0.986805806,0.914870008,0.3125,0.3990498812351544,0.6009501187648456
PIT,2012,4.43,0.072,0.8669977,1.020591496,0.5,0.30963740458015265,0.6903625954198473
BAL,2012,4.25,0.059,1.072744294,0.946248617,0.625,0.336,0.6639999999999999
CIN,2012,3.99,0.045,0.974447263,0.996368135,0.625,0.29794105773112634,0.7020589422688737
SEA,2012,4.01,0.081,1.166016221,1.068822773,0.6875,0.48558352402745997,0.51441647597254
ARI,2012,4.07,0.091,0.823290707,0.869089603,0.3125,0.4,0.6
DAL,2012,4.22,0.061,1.008170023,1.132982669,0.5,0.2625602202339986,0.7374397797660014
NYG,2012,3.81,0.051,1.064179469,1.008434674,0.5625,0.3715720355349556,0.6284279644650443
NO,2010,4.42,0.047,1.034603334,1.136065733,0.6875,0.3236623963828184,0.6763376036171815
MIN,2010,4.15,0.068,1.109926783,1.003671865,0.375,0.4202044025157233,0.5797955974842768
TB,2010,3.78,0.061,1.055126155,1.034642178,0.625,0.46307977736549166,0.5369202226345083
CLE,2010,4.04,0.076,1.017544143,0.967668831,0.3125,0.4293233082706767,0.5706766917293233
PIT,2010,3.87,0.086,0.9567925,1.130590718,0.75,0.3354383358098068,0.6645616641901932
ATL,2010,4.19,0.041,0.967992412,1.051785541,0.8125,0.31536388140161725,0.6846361185983827
CHI,2010,3.64,0.104,1.008925424,1.015144516,0.6875,0.3471376370280146,0.6528623629719854
DET,2010,3.35,0.043,1.031676701,1.010196595,0.375,0.3645364536453645,0.6354635463546354
CAR,2010,3.74,0.099,0.909133857,0.800464921,0.125,0.43442283822920974,0.5655771617707903
NYG,2010,4.22,0.033,1.065671646,1.048518812,0.625,0.44069640914036995,0.55930359085963
OAK,2010,4.11,0.083,0.994952365,0.981349152,0.5,0.4742503259452412,0.5257496740547588
TEN,2010,3.47,0.056,0.934936833,0.964292895,0.375,0.36778360920468306,0.6322163907953169
DEN,2010,3.6,0.064,0.963851268,0.998976847,0.25,0.2896011926947447,0.7103988073052553
JAX,2010,4.63,0.077,1.256238264,1.051068168,0.5,0.4422294548413344,0.5577705451586656
BUF,2010,3.85,0.065,1.074074373,0.937806592,0.25,0.5385199240986718,0.4614800759013282
MIA,2010,4.07,0.063,0.959760218,1.052906549,0.4375,0.3042362002567394,0.6957637997432606
CIN,2010,4.04,0.051,1.03651064,1.098903831,0.25,0.3774347666299155,0.6225652333700845
NE,2010,4.82,0.049,1.21909742,1.156826066,0.875,0.39315910837817064,0.6068408916218293
IND,2010,3.82,0.028,1.046704196,1.180354268,0.625,0.396078431372549,0.60392156862745106
HOU,2010,4.52,0.059,1.229021691,1.106049201,0.375,0.4097784030953218,0.5902215969046782
GB,2010,3.82,0.072,1.03735403,1.157014499,0.625,0.27606871753895323,0.7239312824610468
PHI,2010,4.17,0.084,1.1948822,1.046973862,0.625,0.4367469879518072,0.5632530120481928
ARI,2010,3.84,0.084,0.991313591,0.874953359,0.3125,0.44575273338940286,0.5542472666105971
LAR,2010,3.77,0.056,0.859473831,0.945210988,0.4375,0.34015151515151515,0.6598484848484849
SEA,2010,3.67,0.062,0.904010072,1.001172764,0.4375,0.46195121951219514,0.5380487804878049
SF,2010,4.14,0.089,1.028430517,0.930600872,0.375,0.35155328352339754,0.6484467164766025
DAL,2010,4.14,0.058,1.129373486,1.065315153,0.375,0.35161402290871224,0.6483859770912878
WAS,2010,3.81,0.073,0.917227492,1.023454617,0.375,0.31136950904392763,0.6886304909560723
NYJ,2010,4.56,0.054,1.077406003,0.99018745,0.6875,0.48214285714285715,0.5178571428571428
BAL,2010,4.19,0.079,0.964622226,1.001732315,0.75,0.3967065868263473,0.6032934131736527
KC,2010,4.44,0.068,1.044494002,1.037735379,0.625,0.5363832853025937,0.4636167146974063
LAC,2010,4.12,0.068,0.978872327,1.198365462,0.5625,0.41478439425051333,0.5852156057494866
ATL,2011,4.19,0.041,1.00115558,1.034703084,0.625,0.32694938440492477,0.6730506155950753
CAR,2011,3.74,0.099,1.140992539,1.032414139,0.375,0.3873994638069705,0.6126005361930296
CLE,2011,4.04,0.076,1.020285941,0.905631335,0.25,0.4904214559386973,0.5095785440613028
PIT,2011,3.87,0.086,1.104538671,1.092651723,0.75,0.37025641025641026,0.6297435897435897
MIN,2011,4.15,0.068,1.13797581,0.874548288,0.1875,0.3401053423626787,0.6598946576373212
DET,2011,3.35,0.043,0.948364146,1.096671979,0.625,0.34779083907580055,0.6522091609241994
CIN,2011,4.04,0.051,1.066164571,0.902480509,0.5625,0.3998419596997234,0.6001580403002766
BAL,2011,4.19,0.079,1.053295193,0.945512347,0.75,0.38307517944843217,0.6169248205515678
MIA,2011,4.07,0.063,0.910220084,0.958191308,0.375,0.3658933658933659,0.6341066341066341
NE,2011,4.82,0.049,1.184294523,1.213900306,0.8125,0.30689296847939035,0.6931070315206096
BUF,2011,3.85,0.065,1.076414782,0.980371066,0.375,0.4659876318661331,0.5340123681338669
NYJ,2011,4.56,0.054,0.993217131,0.948994898,0.5,0.36550566512798993,0.63449433487201
KC,2011,4.44,0.068,0.958683771,0.945894495,0.4375,0.35775280898876405,0.642247191011236
OAK,2011,4.11,0.083,0.992865757,1.044213063,0.5,0.451215088864708,0.548784911135292
TB,2011,3.78,0.061,1.077602005,0.971348769,0.25,0.39514788966434033,0.6048521103356597
NO,2011,4.42,0.047,1.155848409,1.230847592,0.8125,0.3280999679589875,0.6719000320410125
GB,2011,3.82,0.072,0.973841933,1.217382752,0.9375,0.2487272727272727,0.7512727272727273
CHI,2011,3.64,0.104,0.94676201,0.92791878,0.5,0.3597560975609756,0.6402439024390244
NYG,2011,4.22,0.033,0.969400795,1.065973704,0.5625,0.30127041742286753,0.6987295825771325
WAS,2011,3.81,0.073,0.988353328,0.978161422,0.3125,0.3566678333916696,0.6433321666083305
TEN,2011,3.47,0.056,0.898295231,0.925243121,0.5625,0.28299595141700407,0.7170040485829959
IND,2011,3.82,0.028,0.940295524,0.91916483,0.125,0.4399671052631579,0.560032894736842
HOU,2011,4.52,0.059,1.036908578,1.089616847,0.625,0.49114331723027377,0.5088566827697263
JAX,2011,4.63,0.077,1.030145848,0.763351988,0.3125,0.4789254284390922,0.5210745715609078
DAL,2011,4.14,0.058,1.080986497,1.105443148,0.5,0.3562596599690881,0.6437403400309119
PHI,2011,4.17,0.084,1.251020331,1.056937239,0.5,0.33701483117702746,0.6629851688229725
LAC,2011,4.12,0.068,1.019795419,1.123493873,0.5,0.38033458518265617,0.6196654148173438
DEN,2011,3.6,0.064,1.105967413,0.867071647,0.5,0.4478323010957599,0.5521676989042401
ARI,2011,3.84,0.084,1.083010644,0.962722752,0.5,0.2525027808676307,0.7474972191323692
SF,2011,4.14,0.089,0.979347233,0.981978945,0.8125,0.33231039017974573,0.6676896098202543
SEA,2011,3.67,0.062,0.882779223,0.963233275,0.4375,0.3871975019516003,0.6128024980483997
LAR,2011,3.77,0.056,0.991171082,0.873930779,0.125,0.4977827050997783,0.5022172949002217
PIT,2009,3.87,0.086,1.089016062,1.162682399,0.5625,0.282642689601251,0.717357310398749
TEN,2009,3.47,0.056,1.025538141,0.949146854,0.5,0.3914877300613497,0.6085122699386503
CLE,2009,4.04,0.076,0.964700648,0.750570236,0.3125,0.5,0.5
MIN,2009,4.15,0.068,1.01466357,1.136677796,0.75,0.3507491356127545,0.6492508643872454
NO,2009,4.42,0.047,1.148609738,1.177708503,0.8125,0.3290676416819013,0.6709323583180987
DET,2009,3.35,0.043,1.000845763,0.894068604,0.125,0.3180291153415454,0.6819708846584547
DAL,2009,4.14,0.058,1.172812445,1.067392767,0.6875,0.3622516556291391,0.6377483443708609
TB,2009,3.78,0.061,0.95782996,0.862202104,0.1875,0.46892445106066244,0.5310755489393375
HOU,2009,4.52,0.059,0.982284758,1.135681062,0.5625,0.38823529411764707,0.611764705882353
NYJ,2009,4.56,0.054,1.053409297,0.894135515,0.5625,0.43042452830188677,0.5695754716981132
IND,2009,3.82,0.028,0.993795907,1.185553839,0.875,0.27143391988019466,0.7285660801198053
JAX,2009,4.63,0.077,1.115656947,0.994004111,0.4375,0.34215230604218805,0.657847693957812
DEN,2009,3.6,0.064,1.111812823,0.966123785,0.5,0.46366326866162444,0.5363367313383756
CIN,2009,4.04,0.051,1.066955486,1.022510862,0.625,0.4069135802469136,0.5930864197530864
CAR,2009,3.74,0.099,1.056618389,0.987357275,0.5,0.4841163310961969,0.5158836689038031
PHI,2009,4.17,0.084,1.064889374,1.010380263,0.6875,0.3277715980719318,0.6722284019280682
KC,2009,4.44,0.068,0.957351285,0.841329427,0.25,0.4690332326283988,0.5309667673716012
BAL,2009,4.19,0.079,1.099592318,1.037689933,0.5625,0.3497499038091574,0.6502500961908426
ATL,2009,4.19,0.041,1.029207399,1.017763014,0.5625,0.3469801378192136,0.6530198621807863
MIA,2009,4.07,0.063,1.154508777,1.018805438,0.4375,0.4067919075144509,0.5932080924855492
ARI,2009,3.84,0.084,1.002338566,1.119081376,0.625,0.3276611151339609,0.6723388848660391
SF,2009,4.14,0.089,0.850682618,0.870556181,0.5,0.4876179245283019,0.5123820754716981
LAR,2009,3.77,0.056,1.018209802,0.871417959,0.0625,0.374414976599064,0.625585023400936
SEA,2009,3.67,0.062,1.017983533,0.943045694,0.3125,0.3262826282628263,0.6737173717371737
NYG,2009,4.22,0.033,0.981008695,1.054913299,0.5,0.3117059891107078,0.6882940108892922
WAS,2009,3.81,0.073,0.956851362,1.031689998,0.25,0.3790140208050656,0.6209859791949344
GB,2009,3.82,0.072,1.061727589,1.073593031,0.6875,0.34345690040196514,0.6565430995980348
CHI,2009,3.64,0.104,0.943187731,0.950980954,0.4375,0.4087237479806139,0.5912762520193862
NE,2009,4.82,0.049,1.175780214,1.140810325,0.625,0.33983495873968494,0.66016504126031506
BUF,2009,3.85,0.065,1.069347643,0.869081326,0.375,0.5646231940648184,0.4353768059351816
OAK,2009,4.11,0.083,0.971367098,0.810542913,0.3125,0.4779874213836478,0.5220125786163522
LAC,2009,4.12,0.068,0.891416061,1.152503157,0.8125,0.2674913026671821,0.7325086973328179
